,Location,Company,Summary,Title,Link
0,"New York, NY 10011 (Flatiron District area)",Textron Systems,,"2021 Software Engineer - Hunt Valley, MD (Unmanned Systems)",www.indeed.com/pagead/clk?mo=r&ad=-6NYlbfkN0CMBS5B041_Y8ZzbX96acfEwfe9nE43utDAET7SJzUSwZUaIW1cGVDkJ94Qyb-AfzsZY56J0arJ-6Zq8Sn3xa-_aeqcMucZIrxjte_1zN6OjYvFHTpzOdcB9M03qPHlt8v7aV3-CZLHVAWQgdmtCRJtEBhYGd4PS8qobrvid9sgZGFRLDA3rRGFIBACCftaKxWg2oQwm9xdYuwAZAzewrei859v5-j8S4yvID4VwhntKVIIgG15DXp7O2s7-RLrH1NWfwOBtn41nOADk1g8NWsRiu6GKL-N8VXlTUsh0tLwTK6bpFnPxkQEBx1xsVaHn87DZC6V2keqWXOjp0GzAxkRXNIzEZcwOu7U57pETEA5Si_HtNicDE1LfFiyv7507bww8cguMUJPTGwTaNAVn4CWSg-gmVLgxfrs6urEFTFwcQgc65Un-i7AgQuJE_jNss0Y2hh-ywp83G2PHK-QXbgncODJu3pY8Meiu-vcz6wmUvWLhYLHlHx_Sf9R5skUWY3SLwu0LEX_Cs20pNs1Sh1a&p=0&fvj=0&vjs=3
1,"New York, NY 10019 (Midtown area)",MasterCard,,"Software Development Engineer I, Mastercard Launch 2021",www.indeed.com/rc/clk?jk=0ebae70e31fd173f&fccid=10b5c722d846df43&vjs=3
2,"Jersey City, NJ 07302 (The Waterfront area)",MongoDB,,Software Engineering Intern - Summer 2021,www.indeed.com/rc/clk?jk=8ca5db1d63efc29b&fccid=5c80575a010bbc63&vjs=3
3,Remote,BNY Mellon,,2021 Software Engineering & Technology University Program (S.E.T.U.P) – Developer Track,www.indeed.com/rc/clk?jk=1c9b25720220ebcc&fccid=b4048be2884af072&vjs=3
4,Remote,Verkada,,"Frontend (Web) Engineering Intern - Winter, 2021 REMOTE",www.indeed.com/rc/clk?jk=21bd8ab81e7fa9c4&fccid=17b2ec97e4ece7cf&vjs=3
5,"Houston, TX",Verkada,,"Backend Engineering Intern - Winter, 2021 REMOTE",www.indeed.com/rc/clk?jk=19120588f888b05d&fccid=17b2ec97e4ece7cf&vjs=3
6,"York, NY",ConocoPhillips,,"Full Time, Engineering 2021",www.indeed.com/rc/clk?jk=e27d27a9c41461cf&fccid=b1022d646fa0c95b&vjs=3
7,"New York, NY 10065 (Upper East Side area)",FactSet Research Systems,,Software Engineering Internship - US Campus (2021),www.indeed.com/rc/clk?jk=19f43388b63d25f8&fccid=d887c830351bb4f7&vjs=3
8,"Cambridge, MA 02141 (East Cambridge area)",BNY Mellon,,2021 Software Engineering & Technology University Program (S.E.T.U.P) – Data Scientist,www.indeed.com/rc/clk?jk=0d82a0c5c4f0d778&fccid=b4048be2884af072&vjs=3
9,"New York, NY 10065 (Upper East Side area)",HubSpot,,Software Engineering Co-op (Spring 2021),www.indeed.com/rc/clk?jk=c7c79e6b96cb53fa&fccid=21bb811abc2058c6&vjs=3
10,"Miami, FL",BNY Mellon,,2021 Software Engineering & Technology University Program (S.E.T.U.P) – Business Analyst,www.indeed.com/rc/clk?jk=9ebe1b03d641f965&fccid=b4048be2884af072&vjs=3
11,"Santa Clara Valley, CA 95014",Restaurant Brands International Campus Opportuniti...,,"Technical Development Program (TDP), Software Engineering Full-Time 2021 (Miami)",www.indeed.com/rc/clk?jk=096e8e8b42056fa0&fccid=1bf77f1dd2c2631f&vjs=3
12,"Jersey City, NJ 07302 (The Waterfront area)",Apple,,Software Engineering Internship,www.indeed.com/rc/clk?jk=6f4667b07ff6b946&fccid=c1099851e9794854&vjs=3
13,Remote,BNY Mellon,,2021 Software Engineering & Technology University Program (S.E.T.U.P) – Infrastructure Engineer,www.indeed.com/rc/clk?jk=f853ffcb7e010add&fccid=b4048be2884af072&vjs=3
14,"Arlington, VA",Verkada,,"Mobile Engineering Intern - Winter, 2021 REMOTE",www.indeed.com/rc/clk?jk=ee21a1cc11109b8d&fccid=17b2ec97e4ece7cf&vjs=3
15,"San Francisco, CA (Central Waterfront - Dogpatch area)",MasterCard,,"Software Development Engineer I, Mastercard Launch (2021)",www.indeed.com/rc/clk?jk=ae1d852842b9f2e1&fccid=10b5c722d846df43&vjs=3
16,"West Chester, PA",Dropbox,,Security Software Engineering Intern (Summer 2021),www.indeed.com/rc/clk?jk=e918a3fc057467c7&fccid=8510f9bc3a085f8e&vjs=3
17,"Reston, VA 20190 (Sunset Hills area)",Johnson & Johnson Family of Companies,,2021 R&D Leadership Development Program (RDLDP) – Undergraduate Full Time,www.indeed.com/rc/clk?jk=258b0a2e05c09c7e&fccid=0bed8e17bc113980&vjs=3
18,"Bellevue, WA",VeriSign,,JUNIOR SOFTWARE ENGINEER SPRING 2021 GRADS,www.indeed.com/rc/clk?jk=68d8954300adb425&fccid=a135297db13268dd&vjs=3
19,"Waukesha, WI 53188",Tesla,,Software - Video Games Engineering Internship (Spring 2021 and/or Summer 2021),www.indeed.com/rc/clk?jk=4bd71fb6e08f9a79&fccid=86e9be6ce380173e&vjs=3
20,"Westborough, MA",GE Healthcare,,Edison Engineering Development Program-Software GE Healthcare USA 2021,www.indeed.com/rc/clk?jk=6380d76912dfdd9c&fccid=65b5f2aba4dbd31f&vjs=3
21,"Vergennes, VT 05491",Amazon.com Services LLC,,Software Development Engineer - Amazon Robotics - 2021 Grad,www.indeed.com/rc/clk?jk=b853c3431a7571ba&fccid=fe2d21eef233e94a&vjs=3
22,"San Francisco, CA 94105 (South Beach area)",Collins Aerospace,,Software Engineering Intern (Summer 2021),www.indeed.com/rc/clk?jk=5ace6c7a3fe88c10&fccid=3d30677097704d8f&vjs=3
23,"Los Angeles, CA 90291 (Venice area)",Salesforce,,Winter 2021 Co-op - Software Engineer (Security),www.indeed.com/rc/clk?jk=5e9d48a50ef1fe76&fccid=4027cfd917e1ee29&vjs=3
24,"Arlington, VA",Snapchat,,Software Engineer Intern Summer 2021 (Application Window #1: Aug 17th - Sep 4th),www.indeed.com/rc/clk?jk=c3dacd521cc07b48&fccid=f368300325e8e8bc&vjs=3
25,"San Francisco, CA",MasterCard,,Software Development Engineer Intern (Summer 2021),www.indeed.com/rc/clk?jk=109dd74e9e018229&fccid=10b5c722d846df43&vjs=3
26,Remote,Sony Interactive Entertainment PlayStation,,Software Engineering Intern,www.indeed.com/rc/clk?jk=118f938185d929f5&fccid=750bb2e27e97e3c1&vjs=3
27,"Plano, TX 75024",Verkada,,"Computer Vision Engineering Intern - Winter, 2021 REMOTE",www.indeed.com/rc/clk?jk=da5b2636a88157b3&fccid=17b2ec97e4ece7cf&vjs=3
28,United States,Toyota Connected,,Software Engineering Summer Interns,www.indeed.com/rc/clk?jk=50bcc7855f94fd53&fccid=580619d1206abef3&vjs=3
29,"Louisville, KY",Pacific Investment Management Company LLC,,"2021 Full-time Tech Analyst, Software Engineering",www.indeed.com/rc/clk?jk=8eceaaf293f690e1&fccid=2d949908fcb6b985&vjs=3
30,"Mountain View, CA",GE Appliances,,Edison Engineering Development Program (EEDP) - Software - 2021,www.indeed.com/rc/clk?jk=10c018f5cfd104cf&fccid=6a7f2fa034a3fd36&vjs=3
31,"Richmond, VA 23219 (City Center area)",Google,,"Software Engineering Intern, AS, BS, MS, 2021",www.indeed.com/rc/clk?jk=761bee503239cf19&fccid=a5b4499d9e91a5c6&vjs=3
32,"Schaumburg, IL 60173",EAB,,"Associate Software Engineer (Full Time Starting Summer 2021 - Richmond, VA)",www.indeed.com/rc/clk?jk=97f6d1abe12bc938&fccid=a168335bbdcce5e0&vjs=3
33,Wisconsin,Motorola Solutions,,2021 Internship - Software Engineering Intern,www.indeed.com/rc/clk?jk=775fd42c3a23fd6c&fccid=22ec6ef3cc441ac2&vjs=3
34,"Conshohocken, PA",GE Healthcare,,GE Healthcare Edison Engineering Intern Program – Software – USA 2021,www.indeed.com/rc/clk?jk=95d807f776a01727&fccid=65b5f2aba4dbd31f&vjs=3
35,"Mossville, IL 61552",Jacobs,,Process Engineering Intern - Summer 2021,www.indeed.com/rc/clk?jk=c1575618e80ddc54&fccid=de56d7554bea5214&vjs=3
36,"Palo Alto, CA",Caterpillar,,2021 Engineering Rotational Development Program (ERDP) - Product Development Track,www.indeed.com/rc/clk?jk=029e5c547476921a&fccid=d723225da214c842&vjs=3
37,"Palo Alto, CA 94304",Tesla,,Software - Full Stack Engineering Internship (Spring 2021 and/or Summer 2021),www.indeed.com/rc/clk?jk=723d5e042e87f544&fccid=86e9be6ce380173e&vjs=3
38,"Pittsburgh, PA 15220",SAP,,Silicon Valley Next Talent Rotational Program - 2021 Grads,www.indeed.com/rc/clk?jk=3543d4e32d98db6c&fccid=156c7820d1988640&vjs=3
39,"Fort Lauderdale, FL 33309",Innovative Systems,,Internship/Co-op - Software Engineering & Development - Spring 2021,www.indeed.com/rc/clk?jk=cf0d53f3bdd16fbd&fccid=f60a06ca302ebc59&vjs=3
40,"New York, NY 10014 (West Village area)",Citrix,,University Software Engineer - 2021,www.indeed.com/rc/clk?jk=b46a0d7d6a612c6b&fccid=3c41eea00c4f384f&vjs=3
41,"Cambridge, MA 02142 (East Cambridge area)",PayPal,,Software Engineer - University Graduate,www.indeed.com/rc/clk?jk=71340de1ea450fc3&fccid=978d9fd9799d55a8&vjs=3
42,"New York, NY 10065 (Upper East Side area)",BookBub,,BookBub's Rotational Development Program (Class of 2021),www.indeed.com/rc/clk?jk=59738175955ba194&fccid=c3ad649646b0df43&vjs=3
43,Remote,BNY Mellon,,2021 Software Engineering & Technology University Program (S.E.T.U.P) – Product Management Analyst,www.indeed.com/rc/clk?jk=231c12588d262367&fccid=b4048be2884af072&vjs=3
44,"Provo, UT 84604 (Riverbottoms area)",Walser Automotive Group,,Software QA Specialist,www.indeed.com/rc/clk?jk=de52430c94915dee&fccid=ad09155d059504af&vjs=3
45,"Essex Junction, VT",Qualtrics,,"Software Engineering Intern - Summer 2021 - Provo, UT",www.indeed.com/rc/clk?jk=8cd74f9b8dd08971&fccid=10db9f943841d5db&vjs=3
46,"Boulder, CO",GLOBALFOUNDRIES,,Programmer/Software Engineering Intern (Spring 2021),www.indeed.com/rc/clk?jk=69e32d46eeafc710&fccid=6a2e5a5f89491e88&vjs=3
47,"Pasadena, CA 91109",Garmin,,"Software Engineer Intern (Boulder, CO - Summer 2021)",www.indeed.com/rc/clk?jk=c487ab2a8468f9c0&fccid=70a994275a3b9062&vjs=3
48,"San Francisco, CA 94111 (Financial District area)",Jet Propulsion Laboratory,,Software Engineering Summer Internships,www.indeed.com/rc/clk?jk=dacaeb37d03ccba9&fccid=0b4439b9e8944c36&vjs=3
49,,Coinbase,,Winter / Summer 2021 Internship - Software Engineer (Remote),www.indeed.com/rc/clk?jk=13cec85cfbc5f670&fccid=d2c6abf8a785fc40&vjs=3
